LVMH (Louis Vuiton);IMP_0083_226;04/03/2015;01/01/2010;CIB;Swift Fileact;10000000037;Integrado;Finalizado;OK;41001183.FIT;Transferencias 34.14;Cristina;41001183.FIT no visible en 3270
LVMH (Louis Vuiton);IMP_0083_330;04/03/2015;01/01/2010;CIB;Swift Fileact;10000000037;Integrado;Finalizado;KO;41001182.TIN;Órdenes pago internacionales en fichero;Cristina;41001182.TIN (Remedy no cambia de situación) No se han podido recuperar.
LVMH (Louis Vuiton);IMP_0083_330;04/03/2015;01/01/2010;CIB;Swift Fileact;10000000037;Integrado;Finalizado;KO;41001184.TIN;Órdenes pago internacionales en fichero;Cristina;41001184.TIN (Remedy no cambia de situación). No se han podido recuperar.
IBERDROLA;IMP_0113_206;03/03/2015;01/01/2010;CIB;Swift Fileact;10000000095;Integrado;Finalizado;OK;00001280.TIN;Órdenes pago internacionales en fichero;Nacho;00001280.TIN
IBERDROLA;IMP_0113_206;03/03/2015;01/01/2010;CIB;Swift Fileact;10000000095;Integrado;Finalizado;OK;00001281.TIN;Órdenes pago internacionales en fichero;Nacho;00001281.TIN
IBERDROLA;IMP_0113_207;03/03/2015;01/01/2010;CIB;Swift Fileact;10000000095;Integrado;Finalizado;OK;00001282.FIT;Transferencias 34.14;Nacho;00001282.FIT
IBERDROLA;IMP_0113_207;03/03/2015;01/01/2010;CIB;Swift Fileact;10000000095;Integrado;Finalizado;OK;00001283.FIT;Transferencias 34.14;Nacho;00001283.FIT
IBERDROLA;IMP_0113_207;03/03/2015;01/01/2010;CIB;Swift Fileact;10000000095;Integrado;Finalizado;OK;00001284.FIT;Transferencias 34.14;Nacho;00001284.FIT
IBERDROLA;IMP_0113_207;03/03/2015;01/01/2010;CIB;Swift Fileact;10000000095;Integrado;Finalizado;OK;00001285.FIT;Transferencias 34.14;Nacho;00001285.FIT
IBERDROLA;IMP_0113_207;03/03/2015;01/01/2010;CIB;Swift Fileact;10000000095;Integrado;Finalizado;KO;00001286.FIT;Transferencias 34.14;Nacho;00001286.FIT
IBERDROLA;IMP_0113_207;03/03/2015;01/01/2010;CIB;Swift Fileact;10000000095;Integrado;Finalizado;OK;00001287.FIT;Transferencias 34.14;Nacho;00001287.FIT
IBERDROLA;IMP_0113_207;03/03/2015;01/01/2010;CIB;Swift Fileact;10000000095;Integrado;Finalizado;OK;00001288.FIT;Transferencias 34.14;Nacho;00001288.FIT
IBERDROLA;IMP_0113_207;03/03/2015;01/01/2010;CIB;Swift Fileact;10000000095;Integrado;Finalizado;OK;00001289.FIT;Transferencias 34.14;Nacho;00001289.FIT
IBERDROLA;IMP_0113_207;03/03/2015;01/01/2010;CIB;Swift Fileact;10000000095;Integrado;Finalizado;OK;00001290.FIT;Transferencias 34.14;Nacho;00001290.FIT
IBERDROLA;IMP_0113_207;03/03/2015;01/01/2010;CIB;Swift Fileact;10000000095;Integrado;Finalizado;OK;00001291.FIT;Transferencias 34.14;Nacho;00001291.FIT
IBERDROLA;IMP_0113_207;03/03/2015;01/01/2010;CIB;Swift Fileact;10000000095;Integrado;Finalizado;OK;00001292.FIT;Transferencias 34.14;Nacho;00001292.FIT
IBERDROLA;IMP_0113_207;03/03/2015;01/01/2010;CIB;Swift Fileact;10000000095;Integrado;Finalizado;OK;00001293.FIT;Transferencias 34.14;Nacho;00001293.FIT
IBERDROLA;IMP_0113_207;03/03/2015;01/01/2010;CIB;Swift Fileact;10000000095;Integrado;Finalizado;OK;00001294.FIT;Transferencias 34.14;Nacho;00001294.FIT
IBERDROLA;IMP_0113_207;03/03/2015;01/01/2010;CIB;Swift Fileact;10000000095;Integrado;Finalizado;OK;00001295.FIT;Transferencias 34.14;Nacho;00001295.FIT
IBERDROLA;IMP_0113_207;03/03/2015;01/01/2010;CIB;Swift Fileact;10000000095;Integrado;Finalizado;OK;00001296.FIT;Transferencias 34.14;Nacho;00001296.FIT
IBERDROLA;IMP_0113_207;03/03/2015;01/01/2010;CIB;Swift Fileact;10000000095;Integrado;Finalizado;OK;00001297.FIT;Transferencias 34.14;Nacho;00001297.FIT
IBERDROLA;IMP_0113_207;03/03/2015;01/01/2010;CIB;Swift Fileact;10000000095;Integrado;Finalizado;OK;00001298.FIT;Transferencias 34.14;Nacho;00001298.FIT
IBERDROLA;IMP_0113_207;03/03/2015;01/01/2010;CIB;Swift Fileact;10000000095;Integrado;Finalizado;OK;00001299.FIT;Transferencias 34.14;Nacho;00001299.FIT
IBERDROLA;IMP_0113_207;03/03/2015;01/01/2010;CIB;Swift Fileact;10000000095;Integrado;Finalizado;OK;00001300.FIT;Transferencias 34.14;Nacho;00001300.FIT
IBERDROLA;IMP_0113_207;03/03/2015;01/01/2010;CIB;Swift Fileact;10000000095;Integrado;Finalizado;OK;00001301.FIT;Transferencias 34.14;Nacho;00001301.FIT
IBERDROLA;IMP_0113_207;03/03/2015;01/01/2010;CIB;Swift Fileact;10000000095;Integrado;Finalizado;OK;00001302.FIT;Transferencias 34.14;Nacho;00001302.FIT
IBERDROLA;IMP_0113_207;03/03/2015;01/01/2010;CIB;Swift Fileact;10000000095;Integrado;Finalizado;OK;00001303.FIT;Transferencias 34.14;Nacho;00001303.FIT
IBERDROLA;IMP_0113_207;03/03/2015;01/01/2010;CIB;Swift Fileact;10000000095;Integrado;Finalizado;OK;00001304.FIT;Transferencias 34.14;Nacho;00001304.FIT
IBERDROLA;IMP_0113_207;03/03/2015;01/01/2010;CIB;Swift Fileact;10000000095;Integrado;Finalizado;OK;00001305.FIT;Transferencias 34.14;Nacho;00001305.FIT
IBERDROLA;IMP_0113_207;03/03/2015;01/01/2010;CIB;Swift Fileact;10000000095;Integrado;Finalizado;OK;00001306.FIT;Transferencias 34.14;Nacho;00001306.FIT
IBERDROLA;IMP_0113_207;03/03/2015;01/01/2010;CIB;Swift Fileact;10000000095;Integrado;Finalizado;OK;00001307.FIT;Transferencias 34.14;Nacho;00001307.FIT
IBERDROLA;IMP_0113_207;03/03/2015;01/01/2010;CIB;Swift Fileact;10000000095;Integrado;Finalizado;OK;00001308.FIT;Transferencias 34.14;Nacho;00001308.FIT
IBERDROLA;IMP_0113_207;03/03/2015;01/01/2010;CIB;Swift Fileact;10000000095;Integrado;Finalizado;OK;00001309.FIT;Transferencias 34.14;Nacho;00001309.FIT
IBERDROLA;IMP_0113_207;03/03/2015;01/01/2010;CIB;Swift Fileact;10000000095;Integrado;Finalizado;OK;00001310.FIT;Transferencias 34.14;Nacho;00001310.FIT
IBERDROLA;IMP_0113_207;03/03/2015;01/01/2010;CIB;Swift Fileact;10000000095;Integrado;Finalizado;OK;00001311.FIT;Transferencias 34.14;Nacho;00001311.FIT
IBERDROLA;IMP_0113_207;03/03/2015;01/01/2010;CIB;Swift Fileact;10000000095;Integrado;Finalizado;OK;00001312.FIT;Transferencias 34.14;Nacho;00001312.FIT
IBERDROLA;IMP_0113_207;03/03/2015;01/01/2010;CIB;Swift Fileact;10000000095;Integrado;Finalizado;OK;00001313.FIT;Transferencias 34.14;Nacho;00001313.FIT
IBERDROLA;IMP_0113_207;03/03/2015;01/01/2010;CIB;Swift Fileact;10000000095;Integrado;Finalizado;OK;00001314.FIT;Transferencias 34.14;Nacho;00001314.FIT
IBERDROLA;IMP_0113_207;03/03/2015;01/01/2010;CIB;Swift Fileact;10000000095;Integrado;Finalizado;OK;00001315.FIT;Transferencias 34.14;Nacho;00001315.FIT
IBERDROLA;IMP_0113_207;03/03/2015;01/01/2010;CIB;Swift Fileact;10000000095;Integrado;Finalizado;OK;00001316.FIT;Transferencias 34.14;Nacho;00001316.FIT
IBERDROLA;IMP_0113_207;03/03/2015;01/01/2010;CIB;Swift Fileact;10000000095;Integrado;Finalizado;OK;00001317.FIT;Transferencias 34.14;Nacho;00001317.FIT
IBERDROLA;IMP_0113_207;03/03/2015;01/01/2010;CIB;Swift Fileact;10000000095;Integrado;Finalizado;OK;00001318.FIT;Transferencias 34.14;Nacho;00001318.FIT
IBERDROLA;IMP_0113_207;03/03/2015;01/01/2010;CIB;Swift Fileact;10000000095;Integrado;Finalizado;OK;00001319.FIT;Transferencias 34.14;Nacho;00001319.FIT
IBERDROLA;IMP_0113_207;03/03/2015;01/01/2010;CIB;Swift Fileact;10000000095;Integrado;Finalizado;OK;00001320.FIT;Transferencias 34.14;Nacho;00001320.FIT
IBERDROLA;IMP_0113_207;03/03/2015;01/01/2010;CIB;Swift Fileact;10000000095;Integrado;Finalizado;OK;00001321.FIT;Transferencias 34.14;Nacho;00001321.FIT
IBERDROLA;IMP_0113_207;03/03/2015;01/01/2010;CIB;Swift Fileact;10000000095;Integrado;Finalizado;OK;00001322.FIT;Transferencias 34.14;Nacho;00001322.FIT
IBERDROLA;IMP_0113_207;03/03/2015;01/01/2010;CIB;Swift Fileact;10000000095;Integrado;Finalizado;OK;00001323.FIT;Transferencias 34.14;Nacho;00001323.FIT
IBERDROLA;IMP_0113_207;03/03/2015;01/01/2010;CIB;Swift Fileact;10000000095;Integrado;Finalizado;OK;00001324.FIT;Transferencias 34.14;Nacho;00001324.FIT
IBERDROLA;IMP_0113_207;03/03/2015;01/01/2010;CIB;Swift Fileact;10000000095;Integrado;Finalizado;OK;00001325.FIT;Transferencias 34.14;Nacho;00001325.FIT
IBERDROLA;IMP_0113_207;03/03/2015;01/01/2010;CIB;Swift Fileact;10000000095;Integrado;Finalizado;OK;00001326.FIT;Transferencias 34.14;Nacho;00001326.FIT
IBERDROLA;IMP_0113_207;03/03/2015;01/01/2010;CIB;Swift Fileact;10000000095;Integrado;Finalizado;OK;00001328.FIT;Transferencias 34.14;Nacho;00001328.FIT
IBERDROLA;IMP_0113_207;03/03/2015;01/01/2010;CIB;Swift Fileact;10000000095;Integrado;Finalizado;OK;00001329.FIT;Transferencias 34.14;Nacho;00001329.FIT
IBERDROLA;IMP_0113_207;03/03/2015;01/01/2010;CIB;Swift Fileact;10000000095;Integrado;Finalizado;OK;00001329.FIT;Transferencias 34.14;Nacho;00001329.FIT
IBERDROLA;IMP_0113_207;03/03/2015;01/01/2010;CIB;Swift Fileact;10000000095;Integrado;Finalizado;OK;00001330.FIT;Transferencias 34.14;Nacho;00001330.FIT
IBERDROLA;IMP_0113_207;03/03/2015;01/01/2010;CIB;Swift Fileact;10000000095;Integrado;Finalizado;OK;00001331.FIT;Transferencias 34.14;Nacho;00001331.FIT
IBERDROLA;IMP_0113_207;03/03/2015;01/01/2010;CIB;Swift Fileact;10000000095;Integrado;Finalizado;OK;00001332.FIT;Transferencias 34.14;Nacho;00001332.FIT
IBERDROLA;IMP_0113_207;03/03/2015;01/01/2010;CIB;Swift Fileact;10000000095;Integrado;Finalizado;OK;00001333.FIT;Transferencias 34.14;Nacho;00001333.FIT
IBERDROLA;IMP_0113_207;03/03/2015;01/01/2010;CIB;Swift Fileact;10000000095;Integrado;Finalizado;OK;00001334.FIT;Transferencias 34.14;Nacho;00001334.FIT
IBERDROLA;IMP_0113_207;03/03/2015;01/01/2010;CIB;Swift Fileact;10000000095;Integrado;Finalizado;OK;00001335.FIT;Transferencias 34.14;Nacho;00001335.FIT
IBERDROLA;IMP_0113_207;03/03/2015;01/01/2010;CIB;Swift Fileact;10000000095;Integrado;Finalizado;OK;00001336.FIT;Transferencias 34.14;Nacho;00001336.FIT
IBERDROLA;IMP_0113_207;03/03/2015;01/01/2010;CIB;Swift Fileact;10000000095;Integrado;Finalizado;OK;00001337.FIT;Transferencias 34.14;Nacho;00001337.FIT
IBERDROLA;IMP_0113_207;03/03/2015;01/01/2010;CIB;Swift Fileact;10000000095;Integrado;Finalizado;OK;00001338.FIT;Transferencias 34.14;Nacho;00001338.FIT
IBERDROLA;IMP_0113_207;03/03/2015;01/01/2010;CIB;Swift Fileact;10000000095;Integrado;Finalizado;OK;00001339.FIT;Transferencias 34.14;Nacho;00001339.FIT
IBERDROLA;IMP_0113_207;03/03/2015;01/01/2010;CIB;Swift Fileact;10000000095;Integrado;Finalizado;OK;00001340.FIT;Transferencias 34.14;Nacho;00001340.FIT
IBERDROLA;IMP_0113_207;03/03/2015;01/01/2010;CIB;Swift Fileact;10000000095;Integrado;Finalizado;OK;00001341.FIT;Transferencias 34.14;Nacho;00001341.FIT
IBERDROLA;IMP_0113_207;03/03/2015;01/01/2010;CIB;Swift Fileact;10000000095;Integrado;Finalizado;OK;00001342.FIT;Transferencias 34.14;Nacho;00001342.FIT
IBERDROLA;IMP_0113_207;03/03/2015;01/01/2010;CIB;Swift Fileact;10000000095;Integrado;Finalizado;OK;00001343.FIT;Transferencias 34.14;Nacho;00001343.FIT
IBERDROLA;IMP_0113_207;03/03/2015;01/01/2010;CIB;Swift Fileact;10000000095;Integrado;Finalizado;OK;00001344.FIT;Transferencias 34.14;Nacho;00001344.FIT
IBERDROLA;IMP_0113_207;03/03/2015;01/01/2010;CIB;Swift Fileact;10000000095;Integrado;Finalizado;OK;00001345.FIT;Transferencias 34.14;Nacho;00001345.FIT
IBERDROLA;IMP_0113_207;03/03/2015;01/01/2010;CIB;Swift Fileact;10000000095;Integrado;Finalizado;OK;00001346.FIT;Transferencias 34.14;Nacho;00001346.FIT
IBERDROLA;IMP_0113_207;03/03/2015;01/01/2010;CIB;Swift Fileact;10000000095;Integrado;Finalizado;OK;00001347.FIT;Transferencias 34.14;Nacho;00001347.FIT
IBERDROLA;IMP_0113_207;03/03/2015;01/01/2010;CIB;Swift Fileact;10000000095;Integrado;Finalizado;OK;00001348.FIT;Transferencias 34.14;Nacho;00001348.FIT
IBERDROLA;IMP_0113_207;03/03/2015;01/01/2010;CIB;Swift Fileact;10000000095;Integrado;Finalizado;OK;00001349.FIT;Transferencias 34.14;Nacho;00001349.FIT
IBERDROLA;IMP_0113_207;03/03/2015;01/01/2010;CIB;Swift Fileact;10000000095;Integrado;Finalizado;OK;00001350.FIT;Transferencias 34.14;Nacho;00001350.FIT
IBERDROLA;IMP_0113_207;03/03/2015;01/01/2010;CIB;Swift Fileact;10000000095;Integrado;Finalizado;OK;00001351.FIT;Transferencias 34.14;Nacho;00001351.FIT
IBERDROLA;IMP_0113_207;03/03/2015;01/01/2010;CIB;Swift Fileact;10000000095;Integrado;Finalizado;OK;00001352.FIT;Transferencias 34.14;Nacho;00001352.FIT
IBERDROLA;IMP_0113_207;03/03/2015;01/01/2010;CIB;Swift Fileact;10000000095;Integrado;Finalizado;OK;00001353.FIT;Transferencias 34.14;Nacho;00001353.FIT
IBERDROLA;IMP_0113_207;03/03/2015;01/01/2010;CIB;Swift Fileact;10000000095;Integrado;Finalizado;OK;00001354.FIT;Transferencias 34.14;Nacho;00001354.FIT
IBERDROLA;IMP_0113_207;03/03/2015;01/01/2010;CIB;Swift Fileact;10000000095;Integrado;Finalizado;OK;00001355.FIT;Transferencias 34.14;Nacho;00001355.FIT
IBERDROLA;IMP_0113_207;03/03/2015;01/01/2010;CIB;Swift Fileact;10000000095;Integrado;Finalizado;OK;00001356.FIT;Transferencias 34.14;Nacho;00001356.FIT
IBERDROLA;IMP_0113_207;03/03/2015;01/01/2010;CIB;Swift Fileact;10000000095;Integrado;Finalizado;OK;00001357.FIT;Transferencias 34.14;Nacho;00001357.FIT
IBERDROLA;IMP_0113_207;03/03/2015;01/01/2010;CIB;Swift Fileact;10000000095;Integrado;Finalizado;OK;00001358.FIT;Transferencias 34.14;Nacho;00001358.FIT
IBERDROLA;IMP_0113_207;03/03/2015;01/01/2010;CIB;Swift Fileact;10000000095;Integrado;Finalizado;OK;00001359.FIT;Transferencias 34.14;Nacho;00001359.FIT
IBERDROLA;IMP_0113_207;03/03/2015;01/01/2010;CIB;Swift Fileact;10000000095;Integrado;Finalizado;OK;00001360.FIT;Transferencias 34.14;Nacho;00001360.FIT
IBERDROLA;IMP_0113_207;03/03/2015;01/01/2010;CIB;Swift Fileact;10000000095;Integrado;Finalizado;OK;00001361.FIT;Transferencias 34.14;Nacho;00001361.FIT
IBERDROLA;IMP_0113_207;03/03/2015;01/01/2010;CIB;Swift Fileact;10000000095;Integrado;Finalizado;OK;00001362.FIT;Transferencias 34.14;Nacho;00001362.FIT
IBERDROLA;IMP_0113_207;03/03/2015;01/01/2010;CIB;Swift Fileact;10000000095;Integrado;Finalizado;KO;00001363.FIT;Transferencias 34.14;Nacho;00001363.FIT
ALCOA;IMP_0005_314;03/03/2015;01/01/2010;CIB;Swift Fileact;10000000025;Integrado;Finalizado;KO;0000103.TR1;Transferencias, en fichero 34.1;Jorge;0000103.TR1 (Ha llegado como XML)
IBERIA EXPRESS;IMP_0035_327;03/03/2015;01/01/2010;CIB;Swift Fileact;10000000150;Integrado;Finalizado;KO;0000024.TIN;Órdenes pago internacionales en fichero;Cristina;0000024.TIN (la cuenta no existe en integrado)
IBERIA EXPRESS;IMP_0035_327;04/03/2015;01/01/2010;CIB;Swift Fileact;10000000150;Integrado;Finalizado;OK;0000026.TIN;Órdenes pago internacionales en fichero;Cristina;0000026.TIN
CAT;IMP_0097_2;09/03/2015;01/01/2010;BEC;Swift Fileact;10000000073;Producción;Finalizado;OK;00000368.FIM;Nóminas 34.14;Ana;00000368.FIM
ALCOA;IMP_0005_314;06/03/2015;01/01/2010;CIB;Swift Fileact;10000000025;Integrado;Finalizado;OK;0000106.TR1;Transferencias, en fichero 34.1;Jorge;0000106.TR1
LVMH (Louis Vuiton);IMP_0083_337;09/03/2015;01/01/2010;CIB;Swift Fileact;10000000037;Integrado;Cancelado;;;Adeudos directos 19.14 (Sepa);Cristina;
BUNGE;IMP_0032_293;10/03/2015;01/01/2010;CIB;Swift FIN;BLTDCHGGXXX;Producción;Finalizado;KO;erróneo;MT101;Cristina;El cliente envió fichero con nombre erróneo que se le ha comunicado desde GCS para que lo corrija y vuelva a enviar.
BUNGE;IMP_0097_2;10/03/2015;01/01/2010;CIB;Swift Fileact;10000000155;Producción;Finalizado;OK;00000002.TIN;Órdenes pago internacionales en fichero;Cristina;00000002.TIN, tratándose a las 17:13 CET, todo ok.
BUNGE;IMP_0032_293;10/03/2015;01/01/2010;CIB;Swift FIN;BLTDCHGGXXX;Producción;Finalizado;KO;erróneo;MT101;Cristina;El cleinte envió fichero con nombre erróneo que se le ha comunicado desde GCS para que lo corrija y vuelva a enviar.
AIRBUS;IMP_0004_547;10/03/2015;01/01/2010;CIB;Swift Fileact;AIRBUS;Integrado;Finalizado;OK;06001338.FIT;Transferencias 34.14;Cristina;06001338.FIT
AIRBUS;IMP_0004_549;10/03/2015;01/01/2010;CIB;Swift Fileact;AIRBUS;Integrado;Finalizado;OK;06001337.TIN;Órdenes pago internacionales en fichero;Cristina;06001337.TIN
IBERDROLA;IMP_0113_207;10/03/2015;01/01/2010;CIB;Swift Fileact;10000000095;Integrado;Finalizado;OK;00001384.FIT;Transferencias 34.14;Nacho;00001384.FIT
IBERDROLA;IMP_0113_207;10/03/2015;01/01/2010;CIB;Swift Fileact;10000000095;Integrado;Finalizado;OK;00001383.FIT;Transferencias 34.14;Nacho;00001383.FIT
IBERDROLA;IMP_0113_207;10/03/2015;01/01/2010;CIB;Swift Fileact;10000000095;Integrado;Finalizado;OK;00001382.FIT;Transferencias 34.14;Nacho;00001382.FIT
IBERDROLA;IMP_0113_207;10/03/2015;01/01/2010;CIB;Swift Fileact;10000000095;Integrado;Finalizado;OK;00001381.FIT;Transferencias 34.14;Nacho;00001381.FIT
IBERDROLA;IMP_0113_207;10/03/2015;01/01/2010;CIB;Swift Fileact;10000000095;Integrado;Finalizado;OK;00001380.FIT;Transferencias 34.14;Nacho;00001380.FIT
IBERDROLA;IMP_0113_207;10/03/2015;01/01/2010;CIB;Swift Fileact;10000000095;Integrado;Finalizado;OK;00001379.FIT;Transferencias 34.14;Nacho;00001379.FIT
IBERDROLA;IMP_0113_207;10/03/2015;01/01/2010;CIB;Swift Fileact;10000000095;Integrado;Finalizado;OK;00001378.FIT;Transferencias 34.14;Nacho;00001378.FIT
IBERDROLA;IMP_0113_207;10/03/2015;01/01/2010;CIB;Swift Fileact;10000000095;Integrado;Finalizado;OK;00001377.FIT;Transferencias 34.14;Nacho;00001377.FIT
IBERDROLA;IMP_0113_207;10/03/2015;01/01/2010;CIB;Swift Fileact;10000000095;Integrado;Finalizado;OK;00001376.FIT;Transferencias 34.14;Nacho;00001376.FIT
IBERDROLA;IMP_0113_207;10/03/2015;01/01/2010;CIB;Swift Fileact;10000000095;Integrado;Finalizado;OK;00001373.FIT;Transferencias 34.14;Nacho;00001373.FIT
IBERDROLA;IMP_0113_207;10/03/2015;01/01/2010;CIB;Swift Fileact;10000000095;Integrado;Finalizado;OK;00001375.FIT;Transferencias 34.14;Nacho;00001375.FIT
IBERDROLA;IMP_0113_207;10/03/2015;01/01/2010;CIB;Swift Fileact;10000000095;Integrado;Finalizado;OK;00001374.FIT;Transferencias 34.14;Nacho;00001374.FIT
IBERDROLA;IMP_0113_207;10/03/2015;01/01/2010;CIB;Swift Fileact;10000000095;Integrado;Finalizado;KO;00001371.FIT;Transferencias 34.14;Nacho;00001371.FIT
IBERDROLA;IMP_0113_207;10/03/2015;01/01/2010;CIB;Swift Fileact;10000000095;Integrado;Finalizado;OK;00001372.FIT;Transferencias 34.14;Nacho;00001372.FIT
IBERDROLA;IMP_0113_207;10/03/2015;01/01/2010;CIB;Swift Fileact;10000000095;Integrado;Finalizado;OK;00001370.FIT;Transferencias 34.14;Nacho;00001370.FIT
IBERDROLA;IMP_0113_207;10/03/2015;01/01/2010;CIB;Swift Fileact;10000000095;Integrado;Finalizado;OK;00001368.FIT;Transferencias 34.14;Nacho;00001368.FIT
IBERDROLA;IMP_0113_207;10/03/2015;01/01/2010;CIB;Swift Fileact;10000000095;Integrado;Finalizado;KO;00001367.FIT;Transferencias 34.14;Nacho;00001367.FIT
IBERDROLA;IMP_0113_207;10/03/2015;01/01/2010;CIB;Swift Fileact;10000000095;Integrado;Finalizado;OK;00001369.FIT;Transferencias 34.14;Nacho;00001369.FIT
IBERDROLA;IMP_0113_207;10/03/2015;01/01/2010;CIB;Swift Fileact;10000000095;Integrado;Finalizado;OK;00001366.FIT;Transferencias 34.14;Nacho;00001366.FIT
IBERDROLA;IMP_0113_207;10/03/2015;01/01/2010;CIB;Swift Fileact;10000000095;Integrado;Finalizado;OK;00001365.FIT;Transferencias 34.14;Nacho;00001365.FIT
IBERIA;IMP_0100_112;10/03/2015;01/01/2010;CIB;Swift Fileact;MIGRACION02;Integrado;Finalizado;OK;00000042.FIT;Transferencias 34.14;Cristina;00000042.FIT
IBERIA;IMP_0100_112;10/03/2015;01/01/2010;CIB;Swift Fileact;MIGRACION02;Integrado;Finalizado;OK;00000043.FIT;Transferencias 34.14;Cristina;00000043.FIT
IBERIA;IMP_0100_112;10/03/2015;01/01/2010;CIB;Swift Fileact;MIGRACION02;Integrado;Finalizado;OK;00000044.FIT;Transferencias 34.14;Cristina;00000044.FIT
IBERIA;IMP_0100_112;10/03/2015;01/01/2010;CIB;Swift Fileact;MIGRACION02;Integrado;Finalizado;OK;00000045.FIT;Transferencias 34.14;Cristina;00000045.FIT
TECNICAS REUNIDAS;IMP_0028_281;26/03/2015;01/01/2010;BEC;Swift Fileact;10000000147;Producción;Finalizado;OK;00000018.FIM;Nóminas 34.14;Ana;00000018.FIM
LVMH (Louis Vuiton);IMP_0083_330;11/03/2015;01/01/2010;CIB;Swift Fileact;10000000037;Integrado;Finalizado;OK;41001187.TIN;Órdenes pago internacionales en fichero;Cristina;41001187.TIN
LVMH (Louis Vuiton);IMP_0083_330;11/03/2015;01/01/2010;CIB;Swift Fileact;10000000037;Integrado;Finalizado;OK;41001188.TIN;Órdenes pago internacionales en fichero;Cristina;41001188.TIN
IBERIA EXPRESS;IMP_0035_326;13/03/2015;01/01/2010;CIB;Swift Fileact;10000000156;Producción;Finalizado;OK;PRO;Transferencias 34.14;Cristina;
IBERIA EXPRESS;IMP_0035_327;13/03/2015;01/01/2010;CIB;Swift Fileact;10000000156;Producción;Finalizado;OK;PRO;Órdenes pago internacionales en fichero;Cristina;
ALCOA;IMP_0005_311;16/03/2015;01/01/2010;CIB;Swift Fileact;10000000025;Integrado;Finalizado;OK;00000110.FIT;Transferencias 34.14;Jorge;00000110.FIT
ATOS;IMP_0030_287;17/03/2015;01/01/2010;CIB;Swift Fileact;10000000145;Integrado;Finalizado;KO;00000033.CSX;Adeudos directos 19.44 (Sepa B2B);Cristina;00000033.CSX (ID Areedor incorrecto)
ATOS;IMP_0030_287;17/03/2015;01/01/2010;CIB;Swift Fileact;10000000145;Integrado;Finalizado;KO;00000034.CSX;Adeudos directos 19.44 (Sepa B2B);Cristina;00000034.CSX (ID Areedor incorrecto)
ALCOA;IMP_0005_604;18/03/2015;01/01/2010;CIB;Swift Fileact;10000000025;Integrado;En curso;;00000110.FIT;Envío respuesta de pagos XML;Jorge;00000110.FIT
IBERDROLA;IMP_0113_206;25/03/2015;01/01/2010;CIB;Swift Fileact;10000000095;Integrado;Finalizado;OK;00001386.TIN;Órdenes pago internacionales en fichero;Nacho;00001386.TIN. Se han cancelado para registrarlas como rechazo.
IBERDROLA;IMP_0113_206;25/03/2015;01/01/2010;CIB;Swift Fileact;10000000095;Integrado;Finalizado;OK;00001387.TIN;Órdenes pago internacionales en fichero;Nacho;00001387.TIN
IBERDROLA;IMP_0113_206;25/03/2015;01/01/2010;CIB;Swift Fileact;10000000095;Integrado;Finalizado;OK;00001388.TIN;Órdenes pago internacionales en fichero;Nacho;00001388.TIN. Se han cancelado para registrarlas como rechazo.
IBERDROLA;IMP_0113_206;25/03/2015;01/01/2010;CIB;Swift Fileact;10000000095;Integrado;Finalizado;OK;00001389.TIN;Órdenes pago internacionales en fichero;Nacho;00001389.TIN. Se han cancelado para registrarlas como rechazo.
IBERDROLA;IMP_0113_603;25/03/2015;01/01/2010;CIB;Swift Fileact;10000000095;Integrado;Finalizado;KO;salida;Envío respuesta de pagos XML;Nacho;Se ha generado 30/03. En IMG.
ATOS;IMP_0030_287;25/03/2015;01/01/2010;CIB;Swift Fileact;10000000145;Integrado;Finalizado;OK;00000039.CSX;Adeudos directos 19.44 (Sepa B2B);Cristina;00000039.CSX (fecha de ejecución 27/03/2015)
ATOS;IMP_0030_287;25/03/2015;01/01/2010;CIB;Swift Fileact;10000000145;Integrado;Finalizado;OK;00000040.CSX;Adeudos directos 19.44 (Sepa B2B);Cristina;00000040.CSX (fecha de ejecución 27/03/2015)
CAT;IMP_0097_2;26/03/2015;01/01/2010;BEC;Swift Fileact;10000000073;Producción;Finalizado;OK;00000428.FIM;Nóminas 34.14;Jorge;00000428.FIM (fecha de ejecución 27/03/2015)
CAT;IMP_0097_2;26/03/2015;01/01/2010;BEC;Swift Fileact;10000000073;Producción;Finalizado;OK;00000429.FIM;Nóminas 34.14;Jorge;00000429.FIM (fecha de ejecución 27/03/2015)
GE (General Electric);IMP_0036_338;26/03/2015;01/01/2010;CIB;Swift Fileact;10000000155;Integrado;En curso;KO;00000968.FIT;Transferencias 34.14;Alba;00000968.FIT (la cuenta de abono es incorrecta)
GE (General Electric);IMP_0036_338;26/03/2015;01/01/2010;CIB;Swift Fileact;10000000155;Integrado;En curso;OK;00000969.FIT;Transferencias 34.14;Alba;00000969.FIT
GE (General Electric);IMP_0036_338;26/03/2015;01/01/2010;CIB;Swift Fileact;10000000155;Integrado;En curso;OK;00000970.FIT;Transferencias 34.14;Alba;00000970.FIT
GE (General Electric);IMP_0036_338;26/03/2015;01/01/2010;CIB;Swift Fileact;10000000155;Integrado;En curso;OK;00000971.FIT;Transferencias 34.14;Alba;00000971.FIT
GE (General Electric);IMP_0036_338;26/03/2015;01/01/2010;CIB;Swift Fileact;10000000155;Integrado;En curso;OK;00000972.FIT;Transferencias 34.14;Alba;00000972.FIT
GE (General Electric);IMP_0036_338;26/03/2015;01/01/2010;CIB;Swift Fileact;10000000155;Integrado;En curso;OK;00000973.FIT;Transferencias 34.14;Alba;00000973.FIT
GE (General Electric);IMP_0036_341;26/03/2015;01/01/2010;CIB;Swift Fileact;10000000155;Integrado;En curso;;00000961.TIN;Órdenes pago internacionales en fichero;Alba;00000961.TIN
GE (General Electric);IMP_0036_341;26/03/2015;01/01/2010;CIB;Swift Fileact;10000000155;Integrado;En curso;;00000962.TIN;Órdenes pago internacionales en fichero;Alba;00000962.TIN
GE (General Electric);IMP_0036_341;26/03/2015;01/01/2010;CIB;Swift Fileact;10000000155;Integrado;En curso;;00000963.TIN;Órdenes pago internacionales en fichero;Alba;00000963.TIN
GE (General Electric);IMP_0036_341;26/03/2015;01/01/2010;CIB;Swift Fileact;10000000155;Integrado;En curso;KO;00000964.TIN;Órdenes pago internacionales en fichero;Alba;00000964.TIN (cuenta cancelada o inexistente)
GE (General Electric);IMP_0036_341;26/03/2015;01/01/2010;CIB;Swift Fileact;10000000155;Integrado;En curso;;00000965.TIN;Órdenes pago internacionales en fichero;Alba;00000965.TIN
GE (General Electric);IMP_0036_341;26/03/2015;01/01/2010;CIB;Swift Fileact;10000000155;Integrado;En curso;;00000966.TIN;Órdenes pago internacionales en fichero;Alba;00000966.TIN
GE (General Electric);IMP_0036_341;27/03/2015;01/01/2010;CIB;Swift Fileact;10000000155;Integrado;Finalizado;KO;00000967.TIN;Órdenes pago internacionales en fichero;Alba;00000967.TIN (cuenta cancelada o inexistente)
GE (General Electric);IMP_0036_338;27/03/2015;01/01/2010;CIB;Swift Fileact;10000000155;Integrado;Finalizado;OK;00000987.FIT;Transferencias 34.14;Alba;00000987.FIT
GE (General Electric);IMP_0036_338;27/03/2015;01/01/2010;CIB;Swift Fileact;10000000155;Integrado;Finalizado;KO;00000985.FIT;Transferencias 34.14;Alba;00000985.FIT. ko por el IBAN de beneficiario
GE (General Electric);IMP_0036_338;27/03/2015;01/01/2010;CIB;Swift Fileact;10000000155;Integrado;Finalizado;OK;00000984.FIT;Transferencias 34.14;Alba;00000984.FIT
GE (General Electric);IMP_0036_338;27/03/2015;01/01/2010;CIB;Swift Fileact;10000000155;Integrado;Finalizado;OK;00000983.FIT;Transferencias 34.14;Alba;00000983.FIT
GE (General Electric);IMP_0036_338;27/03/2015;01/01/2010;CIB;Swift Fileact;10000000155;Integrado;Finalizado;KO;00000981.FIT;Transferencias 34.14;Alba;00000981.FIT. Cuenta abono incorrecta
GE (General Electric);IMP_0036_340;27/03/2015;01/01/2010;CIB;Swift Fileact;10000000155;Integrado;Finalizado;KO;00000986.OMF;OMF Banco de España en fichero;Alba;00000986.OMF. Rechazada por fuera de hora, no se autorizó el viernes 27/03, rechazándose a las 15h.
GE (General Electric);IMP_0036_341;27/03/2015;01/01/2010;CIB;Swift Fileact;10000000155;Integrado;Finalizado;OK;00000979.TIN;Órdenes pago internacionales en fichero;Alba;00000979.TIN. Pdte autorizar. Nos confirman que se ha integrado ok.
GE (General Electric);IMP_0036_341;27/03/2015;01/01/2010;CIB;Swift Fileact;10000000155;Integrado;Finalizado;OK;00000982.TIN;Órdenes pago internacionales en fichero;Alba;00000982.TIN. Por confirmar con el ANS la situación real del fichero. Nos confirman que se ha integrado ok.
GE (General Electric);IMP_0036_341;27/03/2015;01/01/2010;CIB;Swift Fileact;10000000155;Integrado;Finalizado;OK;00000980.TIN;Órdenes pago internacionales en fichero;Alba;00000980.TIN. Por confirmar con el ANS la situación real del fichero. Nos confirman que se ha integrado ok.
GE (General Electric);IMP_0036_341;27/03/2015;01/01/2010;CIB;Swift Fileact;10000000155;Integrado;Finalizado;OK;00000977.TIN;Órdenes pago internacionales en fichero;Alba;00000977.TIN. Por confirmar con el ANS la situación real del fichero. Nos confirman que se ha integrado ok.
GE (General Electric);IMP_0036_341;27/03/2015;01/01/2010;CIB;Swift Fileact;10000000155;Integrado;Finalizado;OK;00000978.TIN;Órdenes pago internacionales en fichero;Alba;00000978.TIN. Por confirmar con el ANS la situación real del fichero. Nos confirman que se ha integrado ok.
GE (General Electric);IMP_0036_341;27/03/2015;01/01/2010;CIB;Swift Fileact;10000000155;Integrado;Finalizado;OK;00000975.TIN;Órdenes pago internacionales en fichero;Alba;00000975.TIN. Por confirmar con el ANS la situación real del fichero. Nos confirman que se ha integrado ok.
GE (General Electric);IMP_0036_341;27/03/2015;01/01/2010;CIB;Swift Fileact;10000000155;Integrado;Finalizado;OK;00000976.TIN;Órdenes pago internacionales en fichero;Alba;00000976.TIN. Por confirmar con el ANS la situación real del fichero. Nos confirman que se ha integrado ok.
